No,q1,q2,q3,q4,q5,COL1,COL2,COL3,COL4,ERR1,ERR2,ERR3,ERR4,USU1,USU2,USU3,USU4,IMA1,IMA2,IMA3,OT1,OT2,OT3,OT4,IB1,IB2,IB3,IB4,gender,age,occupation
1,1,1,1,4,1,4,5,4,5,4,4,5,4,5,4,4,4,4,4,4,5,5,4,4,4,4,4,4,2,3,4
2,1,1,1,2,3,4,5,4,5,4,5,4,4,5,4,4,5,4,5,5,4,4,5,4,4,4,4,4,2,2,2
3,1,1,1,3,1,3,4,4,3,4,3,4,4,4,4,4,4,4,4,5,5,5,5,4,3,4,5,4,2,1,5
4,1,1,1,4,5,4,3,4,4,4,3,3,4,4,4,4,4,4,5,4,4,4,4,4,3,4,4,4,1,3,5
5,1,1,1,5,3,1,1,2,1,1,2,1,1,2,3,2,3,2,2,1,1,1,2,1,2,1,1,1,2,3,3
6,1,1,1,5,2,4,3,4,5,3,3,4,3,4,4,4,4,4,5,5,4,4,4,4,4,4,4,4,2,2,4
7,1,1,1,2,5,4,3,4,5,4,3,4,4,3,4,4,3,4,4,4,3,3,3,3,3,3,4,4,2,2,4
8,1,1,1,4,4,4,5,4,5,3,4,4,3,4,4,4,4,4,4,5,5,4,5,4,4,4,5,4,1,2,3
9,1,1,1,5,2,3,4,4,4,3,3,5,3,3,4,4,4,4,4,5,4,4,4,5,4,4,4,4,1,2,1
10,1,1,1,3,5,3,4,4,5,4,3,4,4,4,4,4,4,4,5,4,5,5,5,5,4,4,4,4,2,1,4
11,1,1,1,2,2,4,3,4,4,4,4,4,4,5,4,5,5,4,4,4,4,4,4,5,5,5,5,4,2,1,3
12,1,1,1,2,1,3,4,4,5,3,3,3,3,4,3,4,3,3,4,4,4,4,4,3,3,3,3,3,2,4,1
13,1,1,1,2,4,4,5,4,4,4,4,4,3,5,4,5,5,4,5,5,4,4,5,5,5,5,5,4,1,4,3
14,1,1,1,5,5,5,4,5,5,4,4,5,5,4,4,5,4,4,5,5,5,4,5,5,4,4,4,4,1,4,3
15,1,1,1,3,1,2,3,3,3,4,4,4,5,3,3,3,4,4,4,4,4,4,4,4,4,4,4,4,2,3,3
16,1,1,1,5,2,4,3,4,4,4,3,4,3,4,5,4,4,4,5,4,4,5,4,4,4,4,4,4,1,3,4
17,1,1,1,3,5,4,5,4,5,3,4,4,5,5,4,5,5,4,4,3,5,5,5,5,5,5,5,4,1,4,5
18,1,1,1,3,5,4,3,4,4,4,4,5,5,5,4,4,4,4,5,4,4,4,4,5,4,4,4,4,2,3,2
19,1,1,1,3,3,4,5,4,4,4,4,4,5,5,5,5,5,4,5,3,5,5,4,4,5,5,5,4,2,2,5
20,1,1,1,4,1,4,3,4,5,4,4,4,5,5,5,4,5,4,4,4,4,4,4,5,5,5,5,4,1,3,2
21,1,1,1,5,2,3,4,3,3,3,4,4,5,4,4,4,4,4,5,5,5,4,3,3,4,4,4,4,1,4,3
22,1,1,1,5,5,3,4,4,5,4,4,5,5,3,3,4,3,4,5,5,3,3,4,3,3,3,3,4,2,4,3
23,1,1,1,4,5,4,4,4,5,4,4,4,3,4,5,3,4,4,5,5,4,4,5,5,4,4,4,4,1,3,5
24,1,1,1,5,4,3,4,4,5,4,4,4,3,4,4,4,5,4,4,3,3,4,3,3,4,4,4,3,1,1,2
25,1,1,1,4,3,3,4,4,5,4,4,4,3,3,4,4,5,4,5,5,5,5,5,5,4,4,4,4,2,1,3
26,1,1,1,2,1,3,4,4,5,4,4,5,3,5,5,5,5,4,4,4,3,4,3,3,5,5,5,4,1,4,3
27,1,1,1,5,3,4,4,4,4,4,4,4,3,5,5,5,5,4,5,5,4,4,4,4,5,5,5,4,2,2,5
28,1,1,1,3,5,4,4,4,4,3,4,4,5,4,4,4,4,4,4,5,5,4,5,4,4,4,4,4,1,1,2
29,1,1,1,2,2,5,5,5,5,4,4,4,3,4,4,5,4,4,5,5,4,4,4,5,4,4,4,4,2,1,5
30,1,1,1,5,1,4,4,4,4,4,4,4,4,5,4,5,5,4,4,4,4,4,4,3,5,5,5,4,2,4,4
31,1,1,1,3,4,4,4,4,4,4,4,4,4,4,4,4,5,4,4,4,4,5,4,4,3,3,3,4,1,1,5
32,1,1,1,5,4,4,4,4,4,4,3,4,4,4,4,4,4,4,4,4,5,4,5,4,5,5,5,4,1,4,3
33,1,1,1,4,4,4,4,4,4,4,4,5,4,3,4,5,4,4,5,5,4,4,4,4,4,4,4,4,1,4,2
34,1,1,1,5,2,4,4,4,4,5,4,4,3,5,5,5,5,4,5,5,4,4,4,5,5,5,5,4,2,2,3
35,1,1,1,3,4,3,4,4,4,4,4,4,5,5,4,4,5,5,5,5,3,3,3,4,5,5,5,5,1,4,2
36,1,1,1,2,2,2,3,3,3,4,4,4,5,4,4,4,4,4,4,4,5,4,5,5,4,4,4,3,1,1,4
37,1,1,1,2,2,4,4,4,4,4,4,4,4,4,4,4,4,4,4,3,4,5,4,4,4,4,4,4,1,1,1
38,1,1,1,4,4,4,4,4,4,4,4,4,4,5,4,3,5,4,4,3,4,5,5,5,4,4,4,4,1,1,3
39,1,1,1,2,2,4,5,5,5,3,4,4,4,4,4,4,4,4,4,4,4,3,5,3,4,4,4,4,1,3,4
40,1,1,1,4,4,3,3,3,3,4,4,4,4,3,3,3,3,3,3,3,4,4,4,3,5,5,5,3,1,1,5
41,1,1,1,3,3,3,5,4,5,3,4,4,4,5,4,4,4,4,4,5,4,4,4,5,4,4,4,4,2,1,3
42,1,1,1,2,4,4,4,4,4,4,4,4,4,4,5,5,3,4,4,4,5,5,4,4,4,4,4,4,2,2,4
43,1,1,1,5,3,3,4,3,3,4,3,3,4,4,4,5,4,4,5,4,5,4,4,4,3,3,3,4,2,3,1
44,1,1,1,4,4,4,5,4,4,4,3,4,4,4,4,4,4,4,4,4,5,4,4,5,5,5,5,4,1,4,2
45,1,1,1,4,3,3,4,3,3,4,3,4,4,4,4,4,3,4,4,3,5,4,4,4,4,4,4,4,2,4,3
46,1,1,1,2,5,4,5,5,5,3,5,5,4,4,4,4,4,4,4,4,4,4,4,3,4,4,4,4,2,1,2
47,1,1,1,2,1,3,4,3,3,3,4,4,5,4,4,4,4,4,4,4,3,4,4,4,4,4,4,4,1,1,3
48,1,1,1,5,1,3,5,3,3,4,4,5,5,4,4,4,4,4,4,4,3,4,4,4,3,5,5,4,2,3,2
49,1,1,1,4,1,4,3,4,4,3,3,4,3,3,4,4,3,4,4,4,3,4,4,5,3,3,3,4,1,4,3
50,1,1,1,5,2,4,5,4,4,5,5,4,5,5,5,5,5,4,4,4,5,4,4,4,4,5,5,4,2,3,1
51,1,1,1,4,3,3,4,4,4,5,4,4,5,5,5,5,5,4,4,4,4,3,3,3,3,4,4,4,1,4,5
52,1,1,1,2,2,4,5,4,4,5,5,4,5,5,5,5,5,4,4,4,3,4,4,4,4,5,5,4,2,1,5
53,1,1,1,4,3,4,5,5,5,3,5,4,5,3,3,3,3,4,4,3,3,3,3,3,4,5,5,4,2,1,2
54,1,1,1,3,4,4,5,5,5,4,4,4,4,3,4,4,4,4,4,4,4,4,4,4,4,4,4,4,2,2,5
55,1,1,1,3,4,4,5,5,5,3,4,5,5,5,5,4,5,4,5,5,4,4,4,4,4,4,4,4,2,2,2
56,1,1,1,3,2,4,3,4,4,4,4,4,4,4,3,3,3,4,4,4,4,4,4,4,3,4,4,4,2,2,4
57,1,1,1,3,5,4,4,4,4,3,4,3,3,5,4,5,5,4,4,4,4,4,4,4,4,3,3,4,1,3,5
58,1,1,1,5,3,2,3,3,3,4,4,4,4,4,4,4,4,3,4,4,4,3,2,4,2,4,4,4,2,3,1
59,1,1,1,5,5,5,4,5,5,4,4,5,5,4,4,4,4,4,4,4,4,4,4,4,4,5,5,4,1,1,3
60,1,1,1,2,5,3,5,4,4,4,4,4,5,4,4,4,5,4,4,4,4,4,4,4,4,4,4,4,2,1,4
61,1,1,1,3,2,4,4,3,3,4,4,4,5,4,4,4,4,4,4,4,4,4,4,4,3,4,4,4,1,3,3
62,1,1,1,5,4,4,4,5,5,5,4,5,5,4,4,5,4,4,4,4,4,4,4,4,2,5,5,4,2,4,1
63,1,1,1,4,2,4,5,4,4,4,3,4,5,4,3,4,3,4,4,4,4,4,4,4,3,4,4,4,1,4,5
64,1,1,1,5,4,2,2,1,3,3,4,4,5,2,2,3,3,4,4,4,4,4,3,4,3,4,4,4,1,4,2
65,1,1,1,4,5,4,3,4,5,4,4,4,5,4,4,3,4,3,4,4,3,4,4,4,3,4,4,4,2,3,2
66,1,1,1,5,2,4,4,3,3,3,4,4,5,4,4,5,4,4,5,4,4,4,4,4,3,4,4,4,1,1,4
67,1,1,1,5,4,4,5,4,4,4,4,4,4,4,4,4,4,4,4,5,4,4,4,4,4,4,4,4,2,4,2
68,1,1,1,2,5,5,5,4,4,4,4,5,4,5,5,5,5,5,4,5,4,4,4,4,4,4,4,4,1,4,3
69,1,1,1,5,2,4,4,5,5,3,4,4,3,3,4,3,3,4,4,3,5,5,5,5,3,4,4,3,1,1,1
70,1,1,1,5,5,4,5,5,5,5,5,5,4,5,5,5,5,5,5,5,5,5,5,5,4,5,5,5,2,1,4
71,1,1,1,5,2,4,5,4,5,1,1,1,1,4,5,4,4,2,1,3,2,2,3,2,1,1,1,2,1,4,3
72,1,1,1,5,3,4,5,4,4,5,4,5,4,5,5,5,5,4,4,4,3,3,4,4,4,5,5,4,2,3,4
73,1,1,1,3,2,4,4,4,4,3,2,4,4,4,4,4,4,3,4,4,4,4,4,3,4,3,4,3,2,4,3
74,1,1,1,4,3,4,4,3,3,3,4,4,3,5,4,4,4,4,4,4,5,4,4,4,3,4,4,4,1,4,3
75,1,1,1,2,1,5,5,5,5,3,5,4,3,4,4,4,4,5,5,4,4,3,4,4,5,4,4,4,2,4,4
76,1,1,1,5,4,3,4,4,4,4,3,4,4,3,4,4,4,4,5,4,3,4,4,3,3,4,4,4,1,3,3
77,1,1,1,5,4,4,3,4,4,4,3,3,4,4,4,5,4,3,3,4,1,1,1,1,3,4,3,3,2,2,3
78,1,1,1,5,5,4,4,3,3,2,2,1,2,2,2,2,1,2,2,3,2,2,2,2,3,1,2,2,1,2,4
79,1,1,1,4,1,4,3,3,3,2,1,3,2,2,2,2,3,2,1,2,2,1,2,1,2,2,1,1,2,2,1
80,1,1,1,3,4,4,3,4,4,4,4,4,4,4,4,4,5,4,4,4,4,4,4,4,3,4,4,4,1,4,4
81,1,1,1,4,3,5,4,4,4,4,3,3,4,5,5,4,4,5,5,5,4,4,4,4,3,4,4,4,2,2,2
82,1,1,1,2,2,4,5,4,4,3,4,2,3,4,3,4,4,5,3,4,4,4,4,4,4,3,4,4,1,2,3
83,1,1,1,5,4,4,5,4,4,3,4,4,3,4,5,5,5,5,5,5,3,3,3,3,4,4,4,4,2,1,3
84,1,1,1,3,4,4,5,4,4,5,5,5,5,5,5,5,5,4,4,4,4,4,5,4,4,5,4,4,2,1,3
85,1,1,1,2,5,4,3,4,4,4,3,3,4,4,4,4,4,3,3,3,3,4,3,3,3,4,3,3,1,3,1
86,1,1,1,4,4,1,3,2,2,1,1,1,1,1,1,2,1,1,1,1,1,2,2,2,2,1,1,1,1,3,2
87,1,1,1,5,5,4,5,5,5,4,5,4,4,5,4,5,5,4,4,4,4,4,4,4,4,4,4,4,1,1,2
88,1,1,1,4,1,3,4,4,4,4,3,3,4,3,2,3,3,4,3,4,4,3,4,4,3,4,4,4,1,2,3
89,1,1,1,5,4,3,2,3,3,4,3,4,4,5,4,4,4,3,3,3,4,4,4,4,2,4,3,3,2,2,2
90,1,1,1,3,5,3,4,4,4,4,4,5,4,5,5,5,4,5,5,5,4,4,4,4,3,4,4,4,2,3,2
91,1,1,1,2,2,4,5,4,4,3,3,4,3,4,4,4,4,4,5,4,5,3,4,3,4,3,4,4,2,2,3
92,1,1,1,3,2,4,4,3,3,5,5,4,5,4,4,4,4,4,4,5,3,4,3,4,3,5,4,4,1,1,3
93,1,1,1,4,3,3,3,3,3,1,1,2,1,4,3,3,4,3,3,3,3,3,3,3,3,1,3,3,1,1,4
94,1,1,1,4,3,5,5,5,5,4,5,4,5,4,4,4,4,4,4,4,4,4,4,4,5,5,4,4,2,4,2
95,1,1,1,5,3,3,4,4,4,3,4,4,3,4,4,4,4,5,5,5,4,4,4,4,3,4,4,4,2,1,1
96,1,1,1,2,1,4,5,4,4,4,4,5,4,5,5,5,5,4,4,4,5,4,4,4,4,4,4,4,2,3,2
97,1,1,1,3,3,2,1,2,2,5,5,5,5,2,2,3,2,1,1,3,4,1,4,2,1,5,1,1,2,1,3
98,1,1,1,2,3,4,4,4,4,4,4,4,4,5,5,5,4,5,5,5,4,4,4,4,4,4,5,5,1,3,1
99,1,1,1,2,1,4,5,4,4,3,4,4,3,2,3,2,2,4,4,5,2,3,3,4,4,4,5,4,1,2,4
100,1,1,1,4,4,3,4,4,4,3,4,4,4,4,5,4,4,4,4,4,4,4,4,4,3,4,4,4,2,3,5
101,1,1,1,2,1,4,5,4,4,5,4,3,5,5,4,5,5,4,4,4,3,4,3,3,4,4,5,4,1,4,1
102,1,1,1,3,4,4,3,3,3,3,3,4,3,3,3,3,3,4,4,4,4,4,4,4,3,3,3,4,1,4,3
103,1,1,1,5,1,4,3,4,4,5,4,4,4,5,3,5,5,5,5,5,5,3,4,4,3,4,5,4,1,1,1
104,1,1,1,5,3,1,2,2,2,4,4,5,4,3,3,2,2,5,5,5,4,2,3,4,1,4,4,4,2,4,4
105,1,1,1,2,4,4,5,4,4,3,4,4,4,5,4,3,5,5,4,5,4,4,4,4,4,4,4,4,1,4,5
106,1,1,1,5,1,4,5,4,4,4,4,4,4,5,4,5,5,4,4,4,4,4,4,4,4,4,5,4,1,4,4
107,1,1,1,4,3,3,4,4,4,4,4,3,4,5,5,5,5,5,5,5,4,4,4,4,3,4,5,4,1,3,4
108,1,1,1,5,3,3,4,3,3,3,3,2,3,3,3,4,3,5,4,5,4,4,4,4,3,3,3,4,1,4,4
109,1,1,1,5,2,4,5,4,4,3,4,4,4,4,5,4,5,4,4,4,4,4,4,5,4,4,5,4,1,4,4
110,1,1,1,5,2,4,3,4,4,4,3,4,3,4,4,4,5,5,5,5,4,4,4,4,1,4,4,5,2,4,1
111,1,1,1,3,2,4,5,4,4,4,4,5,4,5,4,5,5,3,5,5,4,4,4,4,4,4,5,4,1,2,3
112,1,1,1,3,4,4,5,5,5,4,3,4,3,4,5,4,4,4,4,4,4,4,4,5,4,4,4,4,1,2,1
113,1,1,1,4,4,4,5,4,4,4,3,3,3,5,4,3,5,5,5,5,4,3,3,5,4,3,4,4,1,3,3
114,1,1,1,5,5,4,5,5,4,1,2,1,2,4,4,4,4,2,2,3,4,5,5,5,1,2,2,2,1,3,1
115,1,1,1,2,4,4,4,3,3,4,4,5,4,3,3,4,5,4,4,4,4,4,4,4,3,4,4,4,1,3,1
116,1,1,1,5,5,4,4,4,4,5,5,4,4,5,4,5,4,5,5,5,4,4,4,4,4,5,5,4,2,2,2
117,1,1,1,3,5,3,4,3,3,4,4,4,4,4,4,4,5,5,5,3,4,4,4,4,3,4,4,4,2,4,5
118,1,1,1,2,3,4,3,4,4,4,4,4,4,5,5,5,5,4,5,5,5,4,4,4,3,4,5,4,2,4,5
119,1,1,1,5,2,2,3,3,3,3,3,3,3,3,3,3,3,4,4,4,4,4,4,4,2,3,3,4,1,2,1
120,1,1,1,5,4,4,4,4,4,4,4,4,4,4,5,4,4,4,4,4,4,3,3,4,4,4,4,4,1,2,2
121,1,1,1,5,5,3,3,3,3,4,3,5,4,4,4,4,4,4,4,4,3,3,3,3,3,4,4,4,2,2,1
122,1,1,1,3,4,3,4,4,4,4,5,4,4,5,5,4,5,4,4,4,4,4,4,4,3,4,4,4,2,3,1
123,1,1,1,5,2,4,4,4,4,3,2,3,3,4,4,4,3,3,4,4,4,4,4,4,4,4,4,4,2,2,2
124,1,1,1,3,1,4,4,4,4,2,2,1,2,4,3,4,4,5,5,5,4,4,4,3,4,4,4,4,1,1,4
125,1,1,1,5,5,3,2,3,3,3,3,3,3,3,4,3,3,4,4,4,3,3,3,3,2,4,3,4,1,2,5
126,1,1,1,5,1,4,4,4,4,3,4,3,3,5,5,5,3,5,5,3,5,4,4,5,4,4,5,4,2,1,5
127,1,1,1,2,5,4,5,4,4,4,4,5,4,5,5,5,5,5,5,5,4,4,4,5,4,4,5,4,1,1,3
128,1,1,1,5,5,4,5,4,4,5,4,4,5,5,5,5,5,4,4,4,4,4,4,4,4,4,5,4,1,1,3
129,1,1,1,4,3,4,5,4,4,4,4,4,4,3,5,4,4,4,5,4,5,4,4,4,4,4,4,4,1,2,3
130,1,1,1,5,1,3,3,3,3,3,3,3,3,2,3,3,4,5,3,4,3,3,3,3,2,3,3,3,1,3,3
131,1,1,1,2,2,4,3,3,3,4,4,5,4,4,4,4,5,5,5,5,2,4,4,2,2,4,4,4,2,3,3
132,1,1,1,5,2,4,4,4,4,2,2,1,2,4,4,4,4,5,5,5,5,5,5,5,4,5,4,5,2,4,5
133,1,1,1,5,5,3,3,3,3,4,4,4,5,4,5,4,4,4,4,4,4,4,4,4,2,4,4,4,2,2,4
134,1,1,1,2,3,4,5,5,5,4,4,5,5,5,5,4,5,4,4,4,4,4,4,4,4,4,5,4,2,1,4
135,1,1,1,3,1,4,4,4,4,3,3,4,4,5,5,5,5,4,4,4,3,3,3,3,4,4,5,4,1,2,5
136,1,1,1,3,4,3,4,4,4,4,4,4,4,5,5,4,5,4,4,5,4,4,4,4,3,4,5,4,1,3,5
137,1,1,1,2,5,4,4,3,4,4,5,5,4,4,4,4,4,4,3,3,4,3,4,4,1,3,1,3,2,1,3
138,1,1,1,3,1,4,4,4,4,4,4,4,5,5,4,5,5,5,5,5,3,3,3,3,4,4,5,4,2,2,3
139,1,1,1,2,1,2,3,3,3,4,4,5,4,4,4,4,4,4,4,4,2,3,3,3,2,4,4,4,2,1,4
140,1,1,1,5,5,4,4,4,4,4,3,5,5,5,4,4,4,5,5,5,5,5,5,4,4,5,4,5,1,1,4
141,1,1,1,3,1,4,4,4,4,4,4,4,4,4,3,4,4,5,5,5,4,4,4,4,4,4,4,4,1,4,3
142,1,1,1,2,3,4,4,4,4,4,4,4,4,5,5,4,5,5,5,5,5,4,4,4,4,5,5,5,1,1,4
143,1,1,1,2,3,3,4,4,4,5,5,4,5,4,5,4,4,4,4,4,3,4,4,4,3,4,4,4,2,3,4
144,1,1,1,5,5,5,5,4,4,4,4,4,4,4,4,4,4,4,4,4,4,4,4,4,3,4,4,4,1,4,4
145,1,1,1,4,1,5,4,4,4,4,4,5,4,4,4,4,4,4,4,4,4,4,4,4,3,4,4,4,2,2,2
146,1,1,1,5,2,4,4,4,4,4,4,4,4,5,5,5,5,5,5,5,4,3,3,2,4,5,5,5,1,3,3
147,1,1,1,5,2,4,4,4,4,4,4,5,4,5,5,5,5,5,5,5,4,3,3,3,4,5,5,5,2,2,3
148,1,1,1,3,1,3,4,4,4,1,2,1,2,3,3,4,3,4,4,4,4,4,4,4,3,3,3,3,1,1,5
149,1,1,1,2,4,3,4,4,4,4,4,3,4,5,5,5,5,4,4,4,4,5,5,4,3,5,5,5,1,3,1
150,1,1,1,4,2,5,3,4,4,4,4,4,4,4,4,4,5,4,4,5,4,4,4,4,3,4,4,4,1,1,5
151,1,1,1,3,3,4,4,4,4,4,3,4,3,4,4,2,4,5,4,5,4,4,4,4,4,4,4,4,2,1,3
152,1,1,1,3,5,4,4,4,4,4,3,4,3,4,4,4,4,5,5,3,4,4,4,4,4,4,4,4,2,3,2
153,1,1,1,4,2,4,4,4,4,4,4,5,4,5,5,5,5,4,4,4,4,3,3,3,4,5,5,5,1,4,1
154,1,1,1,4,4,4,4,4,4,2,2,2,2,4,4,4,4,5,5,5,4,4,4,4,4,4,4,4,1,2,2
155,1,1,1,2,3,3,4,4,4,3,4,4,4,4,4,4,4,5,3,5,4,4,4,4,3,4,4,4,1,4,3
156,1,1,1,2,1,3,4,4,4,4,3,4,3,3,3,2,2,5,4,4,4,4,3,4,3,3,3,3,2,2,3
157,1,1,1,5,4,4,4,4,4,3,4,4,4,4,5,4,5,3,4,4,3,3,3,3,4,4,4,4,1,1,5
158,1,1,1,5,4,3,4,3,3,4,3,4,3,4,3,4,3,3,3,5,4,4,4,4,3,4,4,4,2,1,1
159,1,1,1,2,5,3,4,4,4,4,3,3,3,5,4,4,5,4,4,4,4,4,4,4,3,5,5,5,1,2,1
160,1,1,1,3,1,2,1,1,2,1,1,1,2,2,2,2,2,1,1,2,1,2,2,2,1,2,2,2,1,1,2
161,1,1,1,2,3,1,2,1,2,1,2,1,2,2,2,3,2,1,1,2,1,2,2,1,1,2,2,2,1,2,1
162,1,1,1,3,1,5,5,5,5,5,5,4,4,4,4,4,3,4,3,4,3,4,3,4,5,4,4,4,2,2,1
163,1,1,1,5,5,2,1,2,2,2,2,1,1,2,2,1,2,3,4,3,4,4,4,4,1,2,2,2,2,2,4
164,1,1,1,2,5,4,3,3,3,2,3,2,3,3,2,3,3,4,4,3,4,4,4,4,3,3,3,3,1,1,1
165,1,1,1,4,3,4,5,4,4,3,4,4,4,3,3,3,4,5,5,5,3,4,3,3,4,3,3,3,1,2,4
166,1,1,1,5,3,4,4,4,4,5,5,4,5,5,5,5,5,5,4,5,3,3,3,3,4,5,5,5,1,3,1
167,1,1,1,4,4,2,3,3,3,4,4,5,4,4,4,4,4,4,4,4,4,4,3,3,2,4,4,4,2,1,1
168,1,1,1,4,1,2,2,3,3,3,3,2,3,4,3,4,3,5,5,5,4,4,4,4,2,4,4,4,2,1,2
169,1,1,1,2,3,4,4,4,4,3,2,2,2,4,3,4,4,4,4,5,3,4,4,3,4,4,4,4,2,4,3
170,1,1,1,2,1,5,4,4,4,4,4,4,4,3,3,3,1,5,5,5,4,4,4,4,3,2,2,2,2,1,4
171,1,1,1,5,4,5,4,3,3,4,4,4,5,3,2,3,3,4,4,4,4,4,4,4,3,3,3,3,2,4,1
172,1,1,1,5,2,4,4,4,4,4,3,3,4,3,3,3,3,4,4,5,4,4,4,4,4,3,3,3,1,1,5
173,1,1,1,2,3,3,4,4,4,3,2,2,2,4,4,4,4,5,5,5,3,5,3,3,3,4,4,4,2,2,4
174,1,1,1,4,4,3,5,4,4,4,5,5,5,5,5,5,5,4,4,4,5,5,4,4,4,5,5,5,1,2,5
175,1,1,1,4,5,2,3,3,3,4,4,5,4,3,3,3,4,5,4,5,3,3,3,3,2,3,3,3,1,4,3
176,1,1,1,4,1,5,4,4,4,4,4,5,4,3,3,5,3,4,4,4,4,4,4,4,2,3,3,3,1,4,5
177,1,1,1,3,3,3,4,3,3,4,4,4,4,3,2,3,3,5,5,5,4,4,4,4,3,3,3,3,2,1,3
178,1,1,1,5,4,3,3,3,3,3,2,2,3,4,4,4,4,5,5,5,3,4,3,3,3,4,4,4,2,3,5
179,1,1,1,4,2,4,4,3,3,4,4,4,4,3,3,3,3,4,5,5,5,3,4,4,3,3,3,3,1,3,2
180,1,1,1,4,4,4,4,3,3,3,3,2,3,4,4,4,4,4,4,4,4,4,4,4,3,4,4,4,2,4,3
181,1,1,1,2,3,4,5,3,3,3,4,4,3,4,4,4,4,5,5,5,4,3,3,3,3,4,4,4,1,2,4
182,1,1,1,3,1,4,5,3,5,4,2,4,3,4,4,3,4,5,5,5,4,4,4,4,4,4,4,4,2,2,4
183,1,1,1,4,5,3,4,4,5,3,5,5,4,5,5,5,5,5,5,5,4,4,4,4,4,5,5,5,2,2,1
184,1,1,1,3,4,3,5,4,4,4,3,3,3,3,3,3,3,4,4,4,4,4,4,4,4,4,3,4,2,4,4
185,1,1,1,2,4,3,5,3,3,4,4,4,5,4,4,4,4,4,4,4,4,4,4,4,3,4,4,4,1,1,2
186,1,1,1,2,4,3,5,4,3,4,4,5,4,3,3,3,3,4,4,4,4,3,4,4,3,4,3,4,2,3,3
187,1,1,1,4,2,3,4,4,4,3,5,4,4,3,3,3,3,5,5,5,4,3,4,4,3,4,3,4,1,2,3
188,1,1,1,2,3,4,5,5,5,5,3,4,4,5,5,5,4,5,5,5,5,5,5,4,4,4,5,4,1,1,1
189,1,1,1,3,1,3,4,3,3,3,4,2,4,4,4,5,4,5,5,5,3,3,3,2,3,4,4,4,2,3,5
190,1,1,1,3,4,4,4,3,3,3,4,2,3,4,4,4,4,5,4,4,4,4,4,4,3,4,4,4,2,3,4
191,1,1,1,3,5,4,5,4,4,4,4,4,4,5,5,5,5,5,5,5,4,4,4,4,4,4,5,4,1,3,3
192,1,1,1,4,5,4,4,4,4,3,5,5,4,4,4,2,4,5,5,5,4,4,4,3,4,5,4,5,1,2,4
193,1,1,1,5,2,4,5,5,5,4,4,5,4,4,3,4,4,4,5,4,4,4,4,4,4,4,4,4,1,3,4
194,1,1,1,4,3,3,4,4,4,4,4,4,4,5,5,5,5,5,5,5,4,4,4,4,3,4,5,4,1,2,3
195,1,1,1,5,4,1,2,2,2,1,2,1,2,1,1,2,2,1,2,1,2,2,1,2,1,1,2,1,2,2,2
196,1,1,1,2,5,4,3,4,4,4,3,5,4,5,5,5,5,4,5,4,5,5,5,5,3,4,5,4,2,3,2
197,1,1,1,5,1,4,4,4,5,3,2,4,3,3,2,2,4,3,3,3,3,4,4,4,4,3,3,3,1,1,2
198,1,1,1,5,3,4,4,4,4,4,3,4,3,5,5,5,5,4,5,4,3,3,3,4,4,4,5,4,1,3,2
199,1,1,1,2,1,5,4,3,3,4,3,3,3,3,2,3,2,4,5,4,4,4,4,4,3,4,3,4,2,2,1
200,1,1,1,3,2,3,4,4,5,5,5,4,5,5,5,5,5,4,4,4,3,4,4,4,4,4,5,4,2,3,3
201,1,1,1,3,1,4,5,3,5,4,4,5,4,5,4,4,4,4,4,4,5,5,4,4,4,4,5,5,1,1,2
202,1,1,1,5,5,4,5,3,5,4,5,4,4,5,4,4,5,4,5,5,4,4,5,4,4,4,5,4,2,2,5
203,1,1,1,4,5,4,4,4,4,4,5,4,4,4,4,4,4,4,4,5,5,5,5,4,4,4,5,5,1,2,5
204,1,1,1,4,4,5,5,4,4,4,3,3,4,4,4,4,4,4,5,4,4,4,4,4,4,4,5,4,2,4,4
205,1,1,1,3,5,2,2,2,1,1,2,1,1,2,1,2,3,2,2,1,1,1,2,1,2,1,1,2,2,3,3
206,1,1,1,5,1,4,3,4,5,3,3,4,3,4,4,4,4,4,5,5,4,4,4,4,4,4,5,4,1,3,5
207,1,1,1,3,5,5,3,5,5,4,3,4,4,3,4,4,3,4,4,4,4,5,4,4,4,4,4,3,1,4,3
208,1,1,1,4,1,4,5,3,5,5,4,4,3,4,4,4,4,4,4,5,5,4,5,4,4,4,5,4,1,4,3
209,1,1,1,3,1,5,4,4,4,3,3,5,3,3,4,4,4,4,4,5,4,4,4,5,4,4,5,4,1,4,4
210,1,1,1,5,2,3,4,5,5,4,5,4,4,4,4,4,4,4,5,4,5,5,5,5,4,4,5,4,1,4,4
211,1,1,1,5,2,4,5,5,4,4,4,4,4,3,3,3,3,4,4,4,4,3,4,3,4,4,1,3,2,4,1
212,1,1,1,3,3,3,4,4,5,3,3,3,3,4,3,4,3,3,4,4,4,4,4,3,4,3,1,3,1,1,5
213,1,1,1,5,3,4,5,4,4,4,4,4,3,5,4,5,5,4,5,5,4,4,4,3,4,4,2,5,1,2,1
214,1,1,1,4,4,5,4,5,5,4,4,5,5,4,4,5,4,4,5,5,5,4,5,5,4,4,1,4,1,1,3
215,1,1,1,5,4,4,5,5,5,3,3,3,3,3,3,3,3,4,4,4,3,3,3,3,4,4,5,3,2,4,3
216,1,1,1,5,2,4,5,4,4,4,3,4,3,4,5,4,4,4,5,4,4,5,4,4,4,4,5,4,2,4,4
217,1,1,1,2,5,5,5,5,5,5,4,4,5,5,4,5,5,4,4,3,5,5,5,5,5,4,3,5,1,2,1
218,1,1,1,3,4,4,3,5,4,4,4,5,5,5,4,4,4,4,5,4,4,4,4,5,4,4,3,4,1,2,5
219,1,1,1,4,1,4,5,5,4,4,4,4,5,5,5,5,5,4,5,3,4,3,4,4,4,4,2,5,2,2,5
220,1,1,1,5,1,4,3,5,5,4,4,4,5,5,5,4,5,4,4,4,4,4,4,5,4,4,3,5,2,3,2
221,1,1,1,3,5,4,4,4,5,3,4,3,3,3,3,3,3,4,5,5,3,4,3,3,4,4,4,3,1,2,3
222,1,1,1,3,2,3,4,4,5,4,4,5,5,3,3,4,3,4,5,5,4,3,4,3,4,4,5,3,1,1,3
223,1,1,1,4,5,4,4,4,5,4,4,4,3,4,5,3,4,4,5,5,5,4,5,5,4,4,5,4,2,4,3
224,1,1,1,3,1,4,4,4,4,4,4,3,3,3,3,3,3,4,4,3,3,4,3,3,4,3,4,3,1,4,2
225,1,1,1,3,2,3,4,5,5,4,4,4,3,3,4,4,5,4,5,5,5,5,5,5,4,4,5,4,2,3,4
226,1,1,1,3,1,3,4,5,5,3,3,3,3,3,3,3,5,4,4,4,3,4,3,3,4,4,5,3,2,1,1
227,1,1,1,5,5,4,4,5,4,4,4,4,3,5,5,5,5,4,5,5,4,4,4,4,4,4,4,5,2,3,5
228,1,1,1,3,3,4,4,5,4,5,4,4,5,4,4,4,4,4,4,5,5,4,5,4,4,4,5,4,1,4,4
229,1,1,1,4,4,5,5,5,5,4,4,4,3,4,4,5,4,4,5,5,4,4,4,5,5,4,5,4,1,3,4
230,1,1,1,5,2,4,4,4,4,4,4,4,4,5,4,5,5,4,4,4,4,4,4,3,4,4,4,5,2,3,1
231,1,1,1,4,5,4,4,4,4,4,4,4,4,3,3,3,3,4,4,4,4,5,4,4,4,4,5,3,1,3,4
232,1,1,1,4,3,4,4,4,4,4,5,4,4,4,4,4,4,4,4,4,5,4,5,4,4,4,5,4,1,1,1
233,1,1,1,2,4,4,4,4,4,4,4,5,4,3,4,5,4,4,5,5,4,4,4,4,4,4,5,4,2,3,5
234,1,1,1,5,2,4,4,4,4,5,4,4,3,5,5,5,5,4,5,5,4,4,4,5,4,4,4,4,2,3,5
235,1,1,1,4,4,5,4,4,5,3,3,3,5,3,3,3,3,5,5,5,3,3,3,4,4,5,4,3,2,3,5
236,1,1,1,3,2,4,4,4,4,4,4,4,5,4,5,4,5,4,4,4,5,4,5,5,4,3,4,5,2,3,4
237,1,1,1,5,2,4,4,4,4,4,4,4,4,4,4,4,4,4,4,3,4,5,4,4,4,4,5,4,1,1,4
238,1,1,1,2,2,4,4,4,4,4,4,4,4,5,4,3,5,4,4,3,4,5,5,5,4,4,5,5,2,1,2
239,1,1,1,3,2,4,5,5,5,3,3,3,4,3,3,3,4,4,4,4,3,3,3,3,4,4,4,3,2,1,3
240,1,1,1,4,2,3,3,4,5,3,3,3,3,3,3,4,3,3,3,3,3,3,3,3,3,3,4,3,1,3,5
241,1,1,1,3,4,3,5,4,5,3,4,4,4,5,3,5,4,4,4,5,4,4,4,5,4,4,5,4,1,4,3
242,1,1,1,4,5,4,4,4,4,4,4,4,4,4,4,4,3,4,4,4,5,5,4,4,4,4,5,5,1,2,3
243,1,1,1,5,4,4,4,4,4,4,3,3,4,3,3,3,3,4,5,4,5,4,4,4,4,4,4,4,1,2,3
244,1,1,1,2,4,4,5,4,4,4,5,4,4,4,4,4,4,4,4,4,5,4,4,5,4,4,5,5,2,2,1
245,1,1,1,4,1,5,5,4,3,4,3,4,4,4,4,4,3,4,4,3,5,4,4,4,4,4,5,4,2,2,1
246,1,1,1,2,5,4,5,5,5,3,5,5,4,3,3,4,3,4,4,4,3,4,4,3,4,4,4,4,2,1,1
247,1,1,1,3,2,3,4,4,4,3,4,4,5,4,4,4,4,4,4,4,3,4,4,4,3,4,5,4,2,2,3
248,1,1,1,2,5,4,4,5,5,4,4,5,5,3,3,3,4,4,4,4,3,4,4,4,4,4,4,4,1,2,4
249,1,1,1,3,2,4,5,4,4,3,3,4,3,3,4,4,3,4,4,4,3,4,4,5,4,4,5,4,1,1,1
250,1,1,1,2,3,4,5,4,4,5,5,4,5,5,5,5,5,4,4,4,5,4,4,4,4,4,4,4,2,2,2
251,1,1,1,2,5,5,4,4,4,3,3,3,4,3,3,3,3,4,4,4,4,3,3,3,4,4,5,3,1,4,4
252,1,1,1,2,5,5,5,5,5,5,5,4,5,5,5,5,5,4,4,4,3,4,4,4,5,4,4,4,2,2,3
253,1,1,1,4,1,4,5,5,5,3,3,3,4,3,3,3,3,4,4,3,3,3,3,3,4,4,4,3,2,1,4
254,1,1,1,4,3,4,5,5,5,4,4,4,4,5,4,5,5,4,4,4,4,4,4,4,4,4,5,4,2,2,2
255,1,1,1,2,4,4,5,5,5,3,4,5,5,5,5,4,5,4,5,5,4,4,4,4,4,4,4,4,2,4,3
256,1,1,1,4,2,4,3,4,4,4,4,4,4,4,3,3,3,4,4,4,4,4,4,4,3,4,4,4,1,2,4
257,1,1,1,5,3,4,4,4,4,3,4,3,3,5,4,5,5,4,4,4,4,4,4,4,4,4,5,4,2,2,5
258,1,1,1,2,5,4,4,4,4,4,4,4,4,4,4,4,4,3,4,4,4,3,4,4,4,4,5,4,2,4,5
259,1,1,1,4,4,5,4,5,5,1,2,1,1,4,4,4,4,4,4,4,4,4,4,4,4,4,4,4,2,1,2
260,1,1,1,4,5,3,5,4,4,1,2,2,1,4,4,4,5,4,4,4,4,4,4,4,4,4,5,4,2,2,4
261,1,1,1,2,5,4,4,4,4,4,4,4,5,4,4,4,4,4,4,4,4,4,4,4,4,4,4,4,1,1,5
262,1,1,1,2,5,5,4,4,5,5,4,5,5,4,4,5,4,4,4,4,4,4,4,4,4,4,5,4,2,1,2
263,1,1,1,5,2,4,5,4,4,4,3,4,5,4,3,4,3,4,4,4,4,4,4,4,4,4,5,4,1,4,1
264,1,1,1,4,4,2,4,3,3,2,2,2,2,2,2,2,1,1,2,1,2,2,2,2,3,1,3,2,1,3,3
265,1,1,1,4,4,4,4,5,5,4,4,4,5,3,3,3,4,3,4,4,3,4,4,4,4,4,3,4,1,1,5
266,1,1,1,5,1,4,4,4,4,3,4,4,5,4,4,5,4,4,5,4,4,4,4,4,4,4,4,4,2,3,5
267,1,1,1,5,1,4,5,4,4,4,4,4,4,3,2,3,3,4,4,5,4,4,4,4,4,4,3,4,2,3,2
268,1,1,1,4,1,4,5,4,4,4,4,5,4,5,5,5,5,5,4,5,4,4,4,4,4,4,5,4,2,1,5
269,1,1,1,5,4,2,4,3,3,5,4,4,5,5,5,5,5,4,4,3,5,5,5,5,3,3,5,5,2,3,5
270,1,1,1,4,3,4,5,5,5,5,5,5,4,5,5,5,5,5,5,5,5,5,5,5,4,5,5,5,2,4,3
271,1,1,1,3,2,5,5,4,4,5,5,5,5,4,5,5,5,5,5,4,5,5,5,5,4,4,5,5,1,4,5
272,1,1,1,4,1,4,5,4,4,5,4,5,4,4,3,3,3,4,4,4,3,3,4,4,4,4,3,4,2,3,5
273,1,1,1,2,3,4,4,4,4,3,2,4,4,4,4,4,4,3,4,4,4,4,4,3,4,3,4,4,2,3,2
274,1,1,1,4,2,4,4,4,4,3,4,4,3,5,4,4,4,4,4,4,5,4,4,4,4,4,4,4,1,2,5
275,1,1,1,2,4,5,5,5,5,3,5,4,3,4,4,4,4,5,5,4,4,3,4,4,5,4,4,4,2,4,1
276,1,1,1,2,4,3,4,4,4,4,3,4,4,3,3,3,3,4,5,4,3,4,4,3,3,4,3,4,1,3,4
277,1,1,1,3,4,4,5,4,4,4,3,5,4,4,4,5,4,5,4,4,5,5,4,4,4,4,4,5,1,1,4
278,1,1,1,5,4,5,4,5,5,4,4,4,4,4,5,5,5,4,4,5,4,4,4,5,4,4,5,4,2,3,2
279,1,1,1,5,1,4,4,4,5,4,4,4,4,2,2,2,3,4,4,4,4,4,3,4,4,3,2,4,2,3,5
280,1,1,1,2,3,4,5,4,4,4,4,4,4,5,5,5,5,4,4,4,4,4,4,4,4,4,5,4,2,3,5
281,1,1,1,4,4,5,4,5,4,4,3,3,4,3,3,3,3,5,5,5,4,4,4,4,4,4,3,4,1,1,2
282,1,1,1,4,5,4,5,4,4,3,4,2,3,4,3,4,4,5,3,4,4,4,4,4,4,4,4,4,2,4,3
283,1,1,1,5,2,4,5,4,4,3,4,4,3,3,3,2,3,3,3,3,3,3,3,3,4,3,3,3,1,2,4
284,1,1,1,4,5,4,5,4,4,5,5,5,5,5,5,5,5,4,4,4,4,4,5,4,4,4,5,4,1,2,3
285,1,1,1,5,2,4,3,4,4,3,4,4,3,4,3,4,3,3,3,3,3,4,3,3,3,3,3,3,2,1,2
286,1,1,1,4,1,1,3,2,2,2,2,2,1,2,2,2,2,1,1,1,2,2,2,2,2,1,2,2,1,3,2
287,1,1,1,3,1,4,5,5,5,4,5,4,4,5,4,5,5,4,4,4,4,4,4,4,4,4,5,4,2,2,4
288,1,1,1,2,1,3,4,4,4,4,3,3,4,3,2,3,3,4,3,4,4,3,4,4,3,4,3,4,1,2,2
289,1,1,1,2,1,3,5,5,5,4,3,4,4,4,4,4,5,4,5,4,4,4,4,4,4,4,4,4,1,2,3
290,1,1,1,3,4,4,4,5,5,4,4,5,4,5,5,5,4,5,5,5,4,4,4,4,4,4,5,4,1,3,4
291,1,1,1,2,4,4,5,4,4,3,3,4,3,4,4,4,4,4,5,4,5,3,4,3,4,4,4,4,2,4,3
292,1,1,1,4,1,4,4,3,4,5,5,4,5,3,4,4,3,4,4,5,3,4,3,4,3,4,3,4,2,1,2
293,1,1,1,4,5,3,3,3,3,2,3,3,3,4,3,3,3,3,3,3,3,3,3,3,3,3,3,3,1,4,3
294,1,1,1,4,4,5,5,5,5,4,5,4,5,4,4,4,4,4,4,4,4,4,4,4,5,4,4,4,2,3,3
295,1,1,1,3,3,3,4,4,4,3,4,4,3,4,4,4,4,5,5,5,4,4,4,4,3,4,4,4,2,4,3
296,1,1,1,2,4,4,5,4,4,4,4,5,4,5,5,5,5,4,4,4,5,4,4,4,4,4,5,4,2,4,4
297,1,1,1,5,4,2,1,2,2,1,2,2,1,1,1,1,1,1,1,2,2,2,1,1,1,1,1,2,2,3,3
298,1,1,1,3,3,4,4,4,4,4,4,4,4,5,5,5,4,5,5,5,4,4,4,4,4,5,5,4,2,1,4
299,1,1,1,4,4,4,5,4,4,3,4,4,3,5,5,4,5,4,4,5,2,3,3,4,4,4,5,3,2,3,3
300,1,1,1,4,3,5,4,4,4,3,4,4,4,5,4,3,3,4,4,4,4,4,4,4,4,4,4,4,2,1,3
301,1,1,1,3,3,4,5,4,4,3,3,3,3,3,3,4,3,4,4,4,3,4,3,3,4,4,3,3,1,1,2
302,1,1,1,5,4,4,4,4,4,3,3,4,3,3,3,3,3,4,4,4,4,4,4,4,4,4,3,4,2,1,1
303,1,1,1,4,1,4,3,4,4,5,4,4,4,3,3,3,3,5,5,5,3,3,4,4,3,4,3,4,1,1,2
304,1,1,1,3,5,1,2,2,2,3,3,3,3,3,3,2,3,1,2,1,3,2,3,2,1,1,3,3,2,1,5
305,1,1,1,3,4,4,5,4,4,3,4,4,4,5,4,3,5,5,4,5,4,4,4,4,4,4,4,4,2,1,1
306,1,1,1,3,3,4,5,4,4,4,4,4,4,5,4,5,5,4,4,4,4,4,4,4,4,4,5,4,1,2,3
307,1,1,1,5,2,4,5,5,4,4,4,4,4,5,5,5,5,5,5,5,4,4,4,4,4,4,5,4,2,1,3
308,1,1,1,2,2,4,4,5,4,4,4,4,4,3,3,4,3,5,4,5,4,4,4,4,4,4,3,4,2,3,4
309,1,1,1,4,2,4,5,4,4,3,4,4,4,4,5,4,5,4,4,4,4,4,4,5,4,4,5,4,1,1,5
310,1,1,1,2,1,5,5,5,5,4,3,4,3,4,4,4,5,5,5,5,4,4,4,4,5,4,4,4,1,1,5
311,1,1,1,4,5,4,5,4,4,4,4,5,4,5,4,5,5,4,5,5,4,4,4,4,4,4,5,4,1,1,5
312,1,1,1,3,2,4,5,5,5,4,3,4,3,4,5,4,4,4,4,4,3,4,4,5,4,4,4,4,1,3,5
313,1,1,1,3,2,4,5,4,4,3,4,4,3,3,3,3,3,3,4,3,4,3,3,3,4,3,3,3,2,3,1
314,1,1,1,4,4,4,4,5,5,5,4,4,4,4,3,4,3,4,5,5,4,5,5,5,4,4,3,5,2,4,2
315,1,1,1,4,3,4,4,4,4,4,4,5,4,3,3,4,5,4,4,4,4,4,4,4,4,4,4,4,1,2,4
316,1,1,1,2,5,4,4,4,4,5,5,4,4,5,4,5,4,5,5,5,4,4,4,4,4,4,4,4,2,3,1
317,1,1,1,2,4,4,4,4,5,4,4,4,4,4,4,4,5,5,5,3,4,4,4,4,4,4,4,4,2,4,2
318,1,1,1,3,2,5,4,4,5,4,4,4,4,5,5,5,5,4,5,5,5,4,4,4,4,4,5,4,1,4,1
319,1,1,1,3,2,5,5,4,5,4,4,4,4,3,3,3,3,4,4,4,4,4,4,4,4,4,3,4,2,3,5
320,1,1,1,3,1,4,4,4,4,4,4,4,4,4,3,4,3,4,4,4,4,3,3,4,4,4,3,4,2,2,5
321,1,1,1,4,1,4,3,4,3,4,3,5,4,4,4,4,4,4,3,4,3,3,3,3,3,3,4,3,2,1,5
322,1,1,1,3,3,5,4,4,4,4,5,4,4,5,5,4,5,4,4,4,4,4,4,4,4,4,4,4,2,3,5
323,1,1,1,2,1,4,4,4,4,4,4,4,4,4,4,4,3,3,4,4,4,4,4,4,4,4,4,4,1,2,2
324,1,1,1,3,3,4,4,4,4,4,4,4,4,4,3,4,4,5,5,5,4,4,4,3,4,4,4,4,2,2,5
325,1,1,1,2,2,3,5,4,4,3,3,3,3,3,4,3,3,4,4,4,3,3,3,3,4,4,3,3,2,2,2
326,1,1,1,2,2,4,4,4,4,4,4,5,3,5,5,5,3,5,5,3,5,4,4,5,4,4,5,5,2,1,3
327,1,1,1,4,5,4,5,4,4,4,4,5,4,5,5,5,5,5,5,5,4,4,4,5,4,4,5,4,2,1,2
328,1,1,1,3,3,4,5,4,4,1,2,1,2,5,5,5,5,4,4,4,4,4,4,4,4,4,5,4,1,1,4
329,1,1,1,5,5,3,5,4,4,4,4,4,4,3,5,4,4,4,5,4,5,4,4,4,4,4,4,4,2,2,5
330,1,1,1,5,2,4,5,5,3,5,5,5,5,2,3,3,4,4,5,4,4,4,5,5,4,4,3,5,2,1,3
331,1,1,1,2,3,5,5,5,4,2,2,2,1,4,4,4,5,5,5,5,4,4,4,5,4,4,4,4,2,4,1
332,1,1,1,5,3,4,4,4,4,4,5,4,3,4,4,4,4,5,5,5,5,5,5,5,4,4,4,5,2,4,1
333,1,1,1,2,2,5,4,5,4,1,1,2,1,4,5,4,4,4,4,4,4,4,4,4,4,1,4,4,2,4,4
334,1,1,1,5,3,4,5,5,5,4,4,5,5,5,5,4,5,4,4,4,4,4,4,4,4,5,5,4,1,4,2
335,1,1,1,2,5,4,4,4,4,4,5,4,4,5,5,5,5,4,5,5,4,5,4,3,4,4,5,4,2,3,1
336,1,1,1,2,5,4,4,4,4,4,4,4,4,5,5,4,5,4,4,5,4,4,4,4,4,4,5,4,1,4,2
337,1,1,1,2,1,4,5,5,4,4,5,5,4,4,4,4,4,4,3,3,4,3,4,4,4,5,4,4,2,4,5
338,1,1,1,4,1,4,4,4,4,4,4,4,5,5,4,5,5,5,5,5,4,4,4,5,4,4,5,4,1,2,5
339,1,1,1,3,3,3,5,5,5,4,4,3,4,4,4,4,4,4,4,4,3,3,3,3,4,4,4,3,1,2,3
340,1,1,1,3,1,4,4,4,4,4,3,5,5,5,4,4,4,5,4,5,5,5,5,4,4,4,4,5,1,2,2
341,1,1,1,2,5,4,4,4,4,4,4,4,4,4,3,4,4,5,5,5,5,5,4,4,4,4,4,5,2,2,2
342,1,1,1,4,1,4,4,4,4,4,4,4,4,5,5,4,5,5,5,5,4,4,5,4,4,4,5,4,1,3,5
343,1,1,1,2,1,5,4,4,5,5,5,4,5,4,5,4,4,4,4,4,5,5,5,4,4,5,4,5,1,2,4
344,1,1,1,2,2,4,4,4,4,4,4,4,4,4,4,4,4,4,3,4,4,4,4,4,4,4,4,4,1,4,2
345,1,1,1,2,4,2,2,2,4,1,1,1,1,1,1,1,2,2,2,2,1,1,2,1,2,1,1,1,2,2,3
346,1,1,1,4,4,4,4,4,4,4,4,4,4,5,5,5,5,5,5,5,4,4,4,4,4,4,5,4,1,1,5
347,1,1,1,2,5,4,4,4,4,4,4,5,4,5,5,5,5,5,5,5,4,5,4,4,4,4,5,4,2,2,3
348,1,1,1,2,2,5,4,4,4,5,4,5,5,3,3,4,3,4,4,4,5,4,5,4,4,5,3,5,2,1,3
349,1,1,1,4,3,5,5,5,4,4,4,3,4,5,5,5,5,4,4,4,4,4,4,5,4,4,5,4,2,2,4
350,1,1,1,5,3,4,4,4,4,4,4,4,4,4,4,4,5,4,4,5,5,5,5,5,4,4,4,5,1,1,4
351,1,1,1,2,1,4,4,4,4,4,3,4,3,4,4,2,4,5,4,5,4,3,4,3,4,4,4,4,1,1,3
352,1,1,1,4,5,4,4,4,4,4,3,4,3,4,4,4,4,5,5,3,4,4,4,3,4,4,4,4,2,2,2
353,1,1,1,5,5,4,4,4,4,4,4,5,4,5,5,5,5,4,4,4,4,4,4,3,4,4,5,4,1,2,3
354,1,1,1,5,2,4,4,4,4,5,5,5,2,4,4,4,4,5,5,5,5,4,5,5,4,4,4,5,1,4,4
355,1,1,1,2,1,5,4,4,4,3,4,4,4,4,4,4,4,5,3,5,3,3,3,3,4,4,5,3,1,2,3
356,1,1,1,4,2,4,4,4,4,4,5,5,4,4,5,5,5,5,4,4,4,5,4,4,4,5,5,4,1,4,1
357,1,1,1,4,5,4,4,4,4,5,4,4,4,4,5,4,5,3,4,4,5,5,5,5,4,4,4,5,1,2,2
358,1,1,1,3,3,3,4,3,3,4,4,4,4,4,3,4,3,3,3,5,4,4,4,5,3,4,4,4,1,1,1
359,1,1,1,3,4,3,4,4,4,4,3,3,3,5,4,4,5,4,4,4,4,3,4,4,3,3,5,4,1,2,2
360,1,1,1,4,5,4,4,4,4,4,5,5,5,5,4,5,5,4,5,4,4,4,4,5,4,5,5,4,1,3,5
361,1,1,1,5,5,4,5,4,4,3,3,3,4,3,3,3,4,4,5,5,3,4,3,3,4,3,3,3,2,1,3
362,1,1,1,5,2,5,5,5,5,5,5,4,4,4,4,4,3,4,3,4,4,3,4,3,5,5,4,4,1,4,4
363,1,1,1,5,1,4,4,5,4,5,5,5,5,5,5,5,5,3,4,3,5,4,5,5,4,5,5,5,1,1,2
364,1,1,1,3,4,4,3,3,3,3,3,3,3,3,4,3,3,4,4,3,3,4,3,3,3,3,3,3,1,3,2
365,1,1,1,4,2,4,5,4,4,1,2,1,2,3,3,3,4,5,5,5,5,5,5,5,4,2,3,5,2,3,5
366,1,1,1,2,4,4,4,4,4,5,3,3,3,5,5,5,5,5,4,5,3,4,3,3,4,4,5,3,1,1,1
367,1,1,1,4,4,4,4,4,4,4,4,5,4,4,4,4,4,4,4,4,4,4,4,4,4,4,4,4,2,2,4
368,1,1,1,5,4,4,5,5,4,3,4,4,3,4,3,4,3,5,5,5,5,4,5,4,4,4,4,5,2,1,2
369,1,1,1,4,4,4,4,4,4,4,5,4,4,4,3,4,4,4,4,5,4,4,4,5,4,4,4,4,1,1,1
370,1,1,1,5,4,5,4,4,5,4,4,4,4,3,3,3,1,5,5,5,4,4,4,3,4,4,2,4,2,3,4
371,1,1,1,3,2,5,4,4,4,4,5,5,5,3,2,3,3,4,4,4,4,5,4,4,4,5,3,4,1,2,3
372,1,1,1,2,3,4,4,4,4,4,3,3,4,3,3,3,3,4,4,5,5,4,5,4,4,4,3,5,1,2,1
373,1,1,1,2,1,4,4,5,4,4,4,4,5,4,4,4,4,5,5,5,4,4,4,4,4,4,4,4,1,3,1
374,1,1,1,3,4,3,5,4,4,4,5,5,5,5,5,5,5,4,4,4,4,4,4,5,4,5,5,4,2,2,5
375,1,1,1,2,5,4,5,5,4,3,3,3,4,3,3,3,4,5,4,5,3,3,3,4,4,3,3,3,2,4,4
376,1,1,1,4,1,4,5,4,4,4,4,5,4,3,3,5,3,4,4,4,5,4,5,5,4,3,3,5,1,3,2
377,1,1,1,4,2,3,4,4,5,4,4,4,4,3,5,3,3,5,5,5,4,5,4,4,4,4,4,4,2,4,3
378,1,1,1,5,4,2,2,2,2,5,5,5,3,4,4,4,4,5,5,5,4,5,5,5,2,4,4,5,2,2,3
379,1,1,1,3,4,4,4,3,3,4,4,4,4,3,3,3,3,4,5,5,3,3,3,3,3,3,3,3,2,3,1
380,1,1,1,5,5,4,4,4,4,4,3,4,3,3,4,3,3,4,4,4,3,3,3,3,4,3,3,3,1,3,5
381,1,1,1,2,1,5,5,5,4,3,4,4,3,4,4,4,4,5,5,5,4,4,4,5,4,4,4,4,1,3,1
382,1,1,1,2,3,3,5,3,5,4,5,5,3,4,4,3,4,5,5,5,5,5,4,4,4,4,4,5,2,1,1
383,1,1,1,4,4,3,4,4,5,3,5,5,4,5,5,5,5,5,5,5,5,4,4,4,4,5,5,4,2,1,1
384,1,1,1,3,4,3,5,4,4,4,5,5,3,3,3,3,3,4,4,4,5,4,4,5,4,3,3,5,2,4,1
385,1,1,1,4,2,4,5,4,4,4,4,4,5,4,4,4,4,4,4,4,5,4,4,4,4,4,4,4,1,4,5
386,1,1,1,4,1,3,5,4,3,4,4,5,4,3,3,3,3,4,4,4,4,4,4,3,3,3,3,4,2,1,3
387,1,1,1,3,4,3,4,4,4,3,5,4,4,3,3,3,3,5,5,5,4,4,4,4,3,3,3,4,2,3,5
388,1,1,1,2,1,4,5,5,5,5,3,4,4,5,5,5,4,5,5,5,4,4,4,4,4,5,5,4,2,2,4
389,1,1,1,2,4,3,4,5,5,3,4,2,4,4,4,5,4,5,5,5,4,4,4,5,4,4,4,4,1,2,4
390,1,1,1,5,2,4,4,4,4,3,4,5,4,4,4,4,4,5,4,4,5,4,4,4,4,4,4,4,1,2,3
391,1,1,1,4,5,3,5,4,4,4,3,3,3,4,3,3,3,5,5,5,4,3,3,3,4,3,3,3,2,1,3
392,1,1,1,3,4,4,4,4,4,3,5,5,4,4,4,2,4,5,5,5,3,4,4,4,4,4,4,4,2,3,3
393,1,1,1,3,2,4,5,5,5,4,3,3,3,3,3,3,3,4,5,4,3,3,3,3,4,3,3,3,1,2,4
394,1,1,1,4,3,3,4,4,4,4,4,4,4,5,5,5,5,5,5,5,4,4,4,4,3,5,5,4,1,4,4
395,1,1,1,2,1,4,4,4,3,4,4,5,4,4,5,4,4,4,5,5,4,4,4,4,3,4,4,4,1,1,4
396,1,1,1,5,4,3,3,3,3,4,3,5,4,5,5,5,5,4,5,4,4,4,4,4,3,5,5,4,1,3,4
397,1,1,1,5,3,4,4,4,4,4,4,4,5,3,2,2,4,3,3,3,4,4,4,4,4,3,3,4,1,2,1
398,1,1,1,5,3,4,5,5,5,4,3,4,3,5,5,5,5,4,5,4,4,3,4,4,4,5,5,4,1,4,4
399,1,1,1,3,3,4,4,4,4,4,3,3,3,3,2,3,2,4,5,4,4,4,4,4,4,3,3,4,1,2,5
400,1,1,1,2,2,3,4,4,4,5,5,4,5,5,5,5,5,4,4,4,4,4,4,4,4,5,5,4,2,4,4
401,1,1,1,4,3,5,5,5,5,4,4,4,4,4,4,4,4,5,4,5,4,4,4,4,5,4,4,4,1,4,2
402,1,1,1,2,4,4,4,4,4,4,3,4,4,5,5,5,5,5,4,5,4,4,4,4,4,4,5,4,1,4,4
403,1,1,1,2,3,4,4,4,4,3,3,4,3,3,2,2,4,5,3,5,4,4,4,4,4,3,3,4,2,2,3
404,1,1,1,5,5,5,4,4,4,4,4,4,4,4,4,4,3,5,5,5,5,5,4,5,4,4,4,5,2,3,2
405,1,1,1,5,5,5,4,4,4,4,5,5,5,5,4,4,5,4,4,5,3,4,4,4,4,5,4,4,2,1,3
406,1,1,1,5,4,4,4,4,4,4,4,4,4,4,4,4,5,4,4,5,4,4,4,4,4,4,4,4,2,3,5
407,1,1,1,5,2,5,5,5,5,4,4,4,4,5,5,5,5,5,4,5,4,4,4,4,5,4,5,4,2,3,1
408,1,1,1,3,1,5,5,5,5,4,4,5,4,5,5,5,5,5,4,5,4,4,4,4,5,4,5,4,1,2,3
409,1,1,1,3,5,5,5,5,5,5,5,5,5,4,5,5,5,4,4,5,5,5,5,5,5,5,5,5,1,3,2
410,1,1,1,4,4,4,4,4,4,5,3,4,3,4,4,4,4,5,4,5,5,5,5,5,4,4,4,5,1,1,2
411,1,1,1,2,1,4,4,4,4,5,4,4,4,4,4,4,4,4,5,4,5,5,5,5,4,4,4,5,1,1,2
412,1,1,1,2,1,4,4,4,4,4,4,3,3,3,4,3,4,5,4,5,3,3,4,4,4,4,3,4,1,4,1
413,1,1,1,4,2,4,5,4,4,4,4,4,4,3,2,2,4,4,5,4,4,4,4,3,4,4,3,4,1,3,2
414,1,1,1,4,4,4,5,4,4,5,5,4,5,5,5,5,5,4,5,4,5,4,4,4,4,5,5,4,1,1,1
415,1,1,1,5,3,4,4,5,5,4,4,5,4,5,5,5,5,4,5,4,4,3,4,4,4,4,5,4,2,1,1
416,1,1,1,2,2,3,5,4,4,5,5,5,5,3,4,4,3,5,4,5,3,4,4,3,4,5,4,4,1,1,5
417,1,1,1,5,1,3,4,4,4,4,4,4,4,4,4,4,4,4,4,4,4,3,4,3,3,4,4,4,2,1,4
418,1,1,1,3,5,2,2,2,2,2,2,2,2,2,2,2,2,1,2,2,2,2,2,2,2,2,2,2,1,4,5
419,1,1,1,3,3,5,5,5,5,4,4,3,4,1,1,1,1,5,4,5,2,1,2,1,4,4,1,5,1,4,1
420,1,1,1,2,2,4,4,4,4,5,5,4,4,3,3,2,3,4,4,4,4,4,4,4,4,5,3,4,1,2,1
421,1,1,1,3,3,3,4,4,4,4,5,4,4,3,3,3,3,3,3,3,4,4,4,4,3,4,3,4,2,3,5
422,1,1,1,4,4,2,2,1,1,5,4,4,4,5,4,4,5,1,1,2,4,4,4,4,1,4,4,2,1,2,3
423,1,1,1,4,3,4,5,4,4,4,3,3,3,3,3,3,3,4,5,4,3,3,3,3,4,3,3,4,1,4,2
424,1,1,1,3,3,4,5,4,4,4,3,5,5,3,3,4,3,5,4,5,4,4,5,4,4,4,3,5,2,3,5
425,1,1,1,2,3,5,5,5,5,4,3,3,3,5,4,5,5,5,4,5,3,4,3,3,5,3,5,5,2,1,3
426,1,1,1,3,4,1,2,1,1,1,2,2,1,1,2,1,1,4,2,2,1,2,2,2,1,2,1,2,2,3,1
427,1,1,1,2,2,4,4,5,5,4,5,4,4,3,3,3,4,4,4,5,4,4,4,4,4,4,3,4,1,2,5
428,1,1,1,3,2,3,4,4,4,5,3,4,4,5,4,5,5,4,5,4,4,3,4,4,3,4,5,4,1,2,1
429,1,1,1,3,4,4,5,5,5,4,3,5,4,4,5,4,4,4,4,4,4,4,4,4,4,4,4,5,2,4,2
430,1,1,1,5,4,5,5,5,5,5,4,4,4,4,3,4,4,4,4,4,4,4,4,4,5,4,4,5,1,4,3
431,1,1,1,5,3,1,2,2,5,3,4,4,4,3,4,4,4,3,3,3,5,3,4,3,2,4,4,3,1,3,3
432,1,1,1,3,2,3,5,4,4,4,4,4,4,4,4,4,4,4,5,4,3,4,3,4,4,4,4,4,1,4,3
433,1,1,1,3,5,4,5,4,4,3,3,5,3,3,3,3,3,3,4,3,3,3,3,3,4,4,3,4,2,3,4
434,1,1,1,4,4,3,4,4,4,4,4,4,4,5,4,5,5,4,5,4,4,4,4,4,3,4,5,4,2,4,5
435,1,1,1,2,5,4,5,5,5,3,3,5,3,4,4,4,4,4,5,4,4,4,4,4,4,4,4,5,2,1,5
436,1,1,1,3,5,4,4,5,4,5,4,4,4,3,3,2,3,5,4,5,5,4,4,4,4,4,3,4,2,3,4
437,1,1,1,4,2,2,2,3,3,5,4,4,5,1,1,1,2,1,2,1,2,2,1,1,2,5,1,3,1,3,5
438,1,1,1,4,1,4,4,4,4,4,4,5,4,4,4,4,4,4,4,4,4,4,4,4,4,4,4,4,1,2,1
439,1,1,1,2,5,4,5,5,5,4,3,3,3,3,3,3,4,4,5,4,2,3,3,4,4,3,3,5,2,1,4
440,1,1,1,2,4,5,4,5,4,3,4,5,4,4,5,5,4,3,4,3,4,4,4,4,4,4,4,5,1,1,5
441,1,1,1,5,1,5,4,5,3,3,3,3,4,5,4,5,5,4,5,4,3,4,3,3,4,3,5,4,1,2,5
442,1,1,1,5,2,4,5,5,5,4,4,4,4,5,5,5,5,4,5,4,4,4,4,4,4,4,5,5,2,1,4
443,1,1,1,4,5,5,4,4,4,4,4,4,4,4,4,4,4,4,4,4,5,3,4,4,4,4,4,4,1,3,4
444,1,1,1,2,3,1,2,2,2,2,2,2,1,1,1,1,1,2,2,2,2,2,2,1,1,2,1,2,2,3,1
445,1,1,1,3,5,4,4,3,3,4,4,5,4,3,3,3,3,4,4,4,4,4,4,4,3,4,3,4,1,1,1
446,1,1,1,2,1,3,4,4,4,4,4,4,4,3,2,2,4,5,3,5,4,4,4,4,3,4,3,4,2,4,4
447,1,1,1,3,2,4,4,5,4,4,4,5,4,3,2,4,3,4,4,5,4,4,4,4,4,4,3,4,1,4,5
448,1,1,1,5,5,4,5,5,5,3,5,5,4,5,5,5,5,4,5,4,4,4,4,4,4,4,5,5,1,3,5
449,1,1,1,2,2,4,4,5,5,5,4,4,4,4,4,4,4,4,4,4,4,4,4,5,4,4,4,5,1,4,1
450,1,1,1,3,5,5,4,4,4,4,4,4,4,4,4,4,4,5,4,4,4,4,4,4,4,4,4,4,1,3,5
451,1,1,1,2,2,3,4,4,4,4,4,5,4,4,4,4,4,4,4,4,4,4,4,4,3,4,4,4,2,2,1
452,1,1,1,3,1,4,3,4,4,3,4,4,4,4,4,4,4,4,5,4,4,4,4,5,3,4,4,4,2,1,4
453,1,1,1,4,3,3,5,3,3,4,3,4,4,3,4,3,3,3,3,3,4,3,3,5,3,4,3,4,1,4,3
454,1,1,1,5,4,3,4,4,4,4,5,5,4,3,3,4,3,4,4,5,4,5,5,5,3,5,3,5,1,4,5
455,1,1,1,5,3,3,4,4,4,4,4,4,4,3,3,3,4,4,4,4,4,4,4,4,3,4,3,4,1,1,3
456,1,1,1,3,4,4,4,4,5,4,4,4,4,1,1,1,2,4,4,4,4,4,4,4,4,4,1,4,2,1,3
457,1,1,1,5,5,4,3,4,4,4,4,4,4,3,4,4,3,4,4,5,4,4,4,4,3,4,4,4,1,3,5
458,1,1,1,3,4,3,4,4,4,4,4,4,3,3,3,3,3,3,3,3,5,4,4,4,3,4,3,4,1,3,4
459,1,1,1,5,4,1,2,1,2,2,2,1,2,1,1,1,1,1,2,1,1,2,1,3,1,2,1,2,1,3,2
460,1,1,1,4,1,4,5,4,5,4,4,4,4,3,4,4,4,5,5,5,4,3,3,4,4,4,4,4,1,3,2
461,1,1,1,2,1,4,4,4,3,3,4,4,3,4,4,4,3,4,4,4,3,3,3,3,3,4,4,3,1,2,3
462,1,1,1,5,1,4,3,4,4,4,4,5,4,5,5,5,5,4,4,4,4,4,4,4,3,4,5,4,2,4,3
463,1,1,1,2,5,4,5,4,4,3,4,4,4,5,4,5,5,5,4,4,4,4,4,4,4,4,5,4,1,4,1
464,1,1,1,2,1,4,5,5,5,3,4,4,4,4,3,4,4,5,5,5,4,4,4,3,4,4,4,4,1,2,1
465,1,1,1,4,4,5,5,4,4,4,3,4,3,5,5,5,5,5,4,5,3,4,4,4,4,4,5,4,2,4,5
466,1,1,1,4,4,3,4,4,4,3,4,5,4,5,5,5,5,4,4,5,5,4,4,5,3,4,5,5,1,2,3
467,1,1,1,4,1,4,5,5,5,4,4,4,4,4,4,4,4,5,5,5,4,4,4,5,4,4,4,4,1,1,2
